{
  "project_info": {
    "project_number": "475019421872",
    "project_id": "taptap-admin-ea493",
    "storage_bucket": "taptap-admin-ea493.appspot.com"
  },
  "client": [
    {
      "client_info": {
        "mobilesdk_app_id": "1:475019421872:android:cb3e5a085081178d417375",
        "android_client_info": {
          "package_name": "com.blackbuck.blackbuckstaptap"
        }
      },
      "oauth_client": [
        {
          "client_id": "475019421872-f6q7v0io791dsk7eooclmv05ecevpkgi.apps.googleusercontent.com",
          "client_type": 3
        }
      ],
      "api_key": [
        {
          "current_key": "AIzaSyD4LJgCWZoI3PreWCwu7duqKT99R02LTJA"
        }
      ],
      "services": {
        "appinvite_service": {
          "other_platform_oauth_client": [
            {
              "client_id": "475019421872-f6q7v0io791dsk7eooclmv05ecevpkgi.apps.googleusercontent.com",
              "client_type": 3
            }
          ]
        }
      }
    },
    {
      "client_info": {
        "mobilesdk_app_id": "1:475019421872:android:c362e4bb02788eda417375",
        "android_client_info": {
          "package_name": "com.blackbuck.taptapadmin"
        }
      },
      "oauth_client": [
        {
          "client_id": "475019421872-f6q7v0io791dsk7eooclmv05ecevpkgi.apps.googleusercontent.com",
          "client_type": 3
        }
      ],
      "api_key": [
        {
          "current_key": "AIzaSyD4LJgCWZoI3PreWCwu7duqKT99R02LTJA"
        }
      ],
      "services": {
        "appinvite_service": {
          "other_platform_oauth_client": [
            {
              "client_id": "475019421872-f6q7v0io791dsk7eooclmv05ecevpkgi.apps.googleusercontent.com",
              "client_type": 3
            }
          ]
        }
      }
    },
    {
      "client_info": {
        "mobilesdk_app_id": "1:475019421872:android:3285ae2812cfdcd7417375",
        "android_client_info": {
          "package_name": "com.blackbuck.taptapp"
        }
      },
      "oauth_client": [
        {
          "client_id": "475019421872-f6q7v0io791dsk7eooclmv05ecevpkgi.apps.googleusercontent.com",
          "client_type": 3
        }
      ],
      "api_key": [
        {
          "current_key": "AIzaSyD4LJgCWZoI3PreWCwu7duqKT99R02LTJA"
        }
      ],
      "services": {
        "appinvite_service": {
          "other_platform_oauth_client": [
            {
              "client_id": "475019421872-f6q7v0io791dsk7eooclmv05ecevpkgi.apps.googleusercontent.com",
              "client_type": 3
            }
          ]
        }
      }
    },
    {
      "client_info": {
        "mobilesdk_app_id": "1:475019421872:android:452f1e784646bcca417375",
        "android_client_info": {
          "package_name": "com.example.app"
        }
      },
      "oauth_client": [
        {
          "client_id": "475019421872-f6q7v0io791dsk7eooclmv05ecevpkgi.apps.googleusercontent.com",
          "client_type": 3
        }
      ],
      "api_key": [
        {
          "current_key": "AIzaSyD4LJgCWZoI3PreWCwu7duqKT99R02LTJA"
        }
      ],
      "services": {
        "appinvite_service": {
          "other_platform_oauth_client": [
            {
              "client_id": "475019421872-f6q7v0io791dsk7eooclmv05ecevpkgi.apps.googleusercontent.com",
              "client_type": 3
            }
          ]
        }
      }
    }
  ],
  "configuration_version": "1"
}
